Disease,Year,Pro_Code,PROVINCE,Week_no,Count,lag_0,lag_1,lag_2,lag_3,lag_4,lag_5,lag_6,lag_7,lag_8,lag_9,lag_10,lag_11,lag_12,lag_13,lag_14,lag_15,lag_16,lag_17,lag_18,lag_19,lag_20,lag_21,lag_22,lag_23,lag_24,lag_25,lag_26,lag_27,lag_28,lag_29,lag_30,lag_31,lag_32,lag_33,lag_34,lag_35,lag_36,lag_37,lag_38,lag_39,lag_40,lag_41,lag_42,lag_43,lag_44,lag_45,lag_46,lag_47,lag_48,lag_49,lag_50,lag_51,lag_52
Dengue,2020,CRI,COSTA RICA,1,165,165,0,0,0,0,0,0,0,0,0,0,0,0,0,0,0,0,0,0,0,0,0,0,0,0,0,0,0,0,0,0,0,0,0,0,0,0,0,0,0,0,0,0,0,0,0,0,0,0,0,0,0,0
Dengue,2020,CRI,COSTA RICA,2,159,159,165,0,0,0,0,0,0,0,0,0,0,0,0,0,0,0,0,0,0,0,0,0,0,0,0,0,0,0,0,0,0,0,0,0,0,0,0,0,0,0,0,0,0,0,0,0,0,0,0,0,0,0
Dengue,2020,CRI,COSTA RICA,3,173,173,159,165,0,0,0,0,0,0,0,0,0,0,0,0,0,0,0,0,0,0,0,0,0,0,0,0,0,0,0,0,0,0,0,0,0,0,0,0,0,0,0,0,0,0,0,0,0,0,0,0,0,0
Dengue,2020,CRI,COSTA RICA,4,179,179,173,159,165,0,0,0,0,0,0,0,0,0,0,0,0,0,0,0,0,0,0,0,0,0,0,0,0,0,0,0,0,0,0,0,0,0,0,0,0,0,0,0,0,0,0,0,0,0,0,0,0,0
Dengue,2020,CRI,COSTA RICA,5,160,160,179,173,159,165,0,0,0,0,0,0,0,0,0,0,0,0,0,0,0,0,0,0,0,0,0,0,0,0,0,0,0,0,0,0,0,0,0,0,0,0,0,0,0,0,0,0,0,0,0,0,0,0
Dengue,2020,CRI,COSTA RICA,6,134,134,160,179,173,159,165,0,0,0,0,0,0,0,0,0,0,0,0,0,0,0,0,0,0,0,0,0,0,0,0,0,0,0,0,0,0,0,0,0,0,0,0,0,0,0,0,0,0,0,0,0,0,0
Dengue,2020,CRI,COSTA RICA,7,137,137,134,160,179,173,159,165,0,0,0,0,0,0,0,0,0,0,0,0,0,0,0,0,0,0,0,0,0,0,0,0,0,0,0,0,0,0,0,0,0,0,0,0,0,0,0,0,0,0,0,0,0,0
Dengue,2020,CRI,COSTA RICA,8,135,135,137,134,160,179,173,159,165,0,0,0,0,0,0,0,0,0,0,0,0,0,0,0,0,0,0,0,0,0,0,0,0,0,0,0,0,0,0,0,0,0,0,0,0,0,0,0,0,0,0,0,0,0
Dengue,2020,CRI,COSTA RICA,9,141,141,135,137,134,160,179,173,159,165,0,0,0,0,0,0,0,0,0,0,0,0,0,0,0,0,0,0,0,0,0,0,0,0,0,0,0,0,0,0,0,0,0,0,0,0,0,0,0,0,0,0,0,0
Dengue,2020,CRI,COSTA RICA,10,113,113,141,135,137,134,160,179,173,159,165,0,0,0,0,0,0,0,0,0,0,0,0,0,0,0,0,0,0,0,0,0,0,0,0,0,0,0,0,0,0,0,0,0,0,0,0,0,0,0,0,0,0,0
Dengue,2020,CRI,COSTA RICA,11,92,92,113,141,135,137,134,160,179,173,159,165,0,0,0,0,0,0,0,0,0,0,0,0,0,0,0,0,0,0,0,0,0,0,0,0,0,0,0,0,0,0,0,0,0,0,0,0,0,0,0,0,0,0
Dengue,2020,CRI,COSTA RICA,12,70,70,92,113,141,135,137,134,160,179,173,159,165,0,0,0,0,0,0,0,0,0,0,0,0,0,0,0,0,0,0,0,0,0,0,0,0,0,0,0,0,0,0,0,0,0,0,0,0,0,0,0,0,0
Dengue,2020,CRI,COSTA RICA,13,99,99,70,92,113,141,135,137,134,160,179,173,159,165,0,0,0,0,0,0,0,0,0,0,0,0,0,0,0,0,0,0,0,0,0,0,0,0,0,0,0,0,0,0,0,0,0,0,0,0,0,0,0,0
Dengue,2020,CRI,COSTA RICA,14,101,101,99,70,92,113,141,135,137,134,160,179,173,159,165,0,0,0,0,0,0,0,0,0,0,0,0,0,0,0,0,0,0,0,0,0,0,0,0,0,0,0,0,0,0,0,0,0,0,0,0,0,0,0
Dengue,2020,CRI,COSTA RICA,15,141,141,101,99,70,92,113,141,135,137,134,160,179,173,159,165,0,0,0,0,0,0,0,0,0,0,0,0,0,0,0,0,0,0,0,0,0,0,0,0,0,0,0,0,0,0,0,0,0,0,0,0,0,0
Dengue,2020,CRI,COSTA RICA,16,145,145,141,101,99,70,92,113,141,135,137,134,160,179,173,159,165,0,0,0,0,0,0,0,0,0,0,0,0,0,0,0,0,0,0,0,0,0,0,0,0,0,0,0,0,0,0,0,0,0,0,0,0,0
Dengue,2020,CRI,COSTA RICA,17,155,155,145,141,101,99,70,92,113,141,135,137,134,160,179,173,159,165,0,0,0,0,0,0,0,0,0,0,0,0,0,0,0,0,0,0,0,0,0,0,0,0,0,0,0,0,0,0,0,0,0,0,0,0
Dengue,2020,CRI,COSTA RICA,18,191,191,155,145,141,101,99,70,92,113,141,135,137,134,160,179,173,159,165,0,0,0,0,0,0,0,0,0,0,0,0,0,0,0,0,0,0,0,0,0,0,0,0,0,0,0,0,0,0,0,0,0,0,0
Dengue,2020,CRI,COSTA RICA,19,189,189,191,155,145,141,101,99,70,92,113,141,135,137,134,160,179,173,159,165,0,0,0,0,0,0,0,0,0,0,0,0,0,0,0,0,0,0,0,0,0,0,0,0,0,0,0,0,0,0,0,0,0,0
Dengue,2020,CRI,COSTA RICA,20,241,241,189,191,155,145,141,101,99,70,92,113,141,135,137,134,160,179,173,159,165,0,0,0,0,0,0,0,0,0,0,0,0,0,0,0,0,0,0,0,0,0,0,0,0,0,0,0,0,0,0,0,0,0
Dengue,2020,CRI,COSTA RICA,21,270,270,241,189,191,155,145,141,101,99,70,92,113,141,135,137,134,160,179,173,159,165,0,0,0,0,0,0,0,0,0,0,0,0,0,0,0,0,0,0,0,0,0,0,0,0,0,0,0,0,0,0,0,0
Dengue,2020,CRI,COSTA RICA,22,349,349,270,241,189,191,155,145,141,101,99,70,92,113,141,135,137,134,160,179,173,159,165,0,0,0,0,0,0,0,0,0,0,0,0,0,0,0,0,0,0,0,0,0,0,0,0,0,0,0,0,0,0,0
Dengue,2020,CRI,COSTA RICA,23,392,392,349,270,241,189,191,155,145,141,101,99,70,92,113,141,135,137,134,160,179,173,159,165,0,0,0,0,0,0,0,0,0,0,0,0,0,0,0,0,0,0,0,0,0,0,0,0,0,0,0,0,0,0
Dengue,2020,CRI,COSTA RICA,24,407,407,392,349,270,241,189,191,155,145,141,101,99,70,92,113,141,135,137,134,160,179,173,159,165,0,0,0,0,0,0,0,0,0,0,0,0,0,0,0,0,0,0,0,0,0,0,0,0,0,0,0,0,0
Dengue,2020,CRI,COSTA RICA,25,425,425,407,392,349,270,241,189,191,155,145,141,101,99,70,92,113,141,135,137,134,160,179,173,159,165,0,0,0,0,0,0,0,0,0,0,0,0,0,0,0,0,0,0,0,0,0,0,0,0,0,0,0,0
Dengue,2020,CRI,COSTA RICA,26,468,468,425,407,392,349,270,241,189,191,155,145,141,101,99,70,92,113,141,135,137,134,160,179,173,159,165,0,0,0,0,0,0,0,0,0,0,0,0,0,0,0,0,0,0,0,0,0,0,0,0,0,0,0
Dengue,2020,CRI,COSTA RICA,27,398,398,468,425,407,392,349,270,241,189,191,155,145,141,101,99,70,92,113,141,135,137,134,160,179,173,159,165,0,0,0,0,0,0,0,0,0,0,0,0,0,0,0,0,0,0,0,0,0,0,0,0,0,0
Dengue,2020,CRI,COSTA RICA,28,416,416,398,468,425,407,392,349,270,241,189,191,155,145,141,101,99,70,92,113,141,135,137,134,160,179,173,159,165,0,0,0,0,0,0,0,0,0,0,0,0,0,0,0,0,0,0,0,0,0,0,0,0,0
Dengue,2020,CRI,COSTA RICA,29,442,442,416,398,468,425,407,392,349,270,241,189,191,155,145,141,101,99,70,92,113,141,135,137,134,160,179,173,159,165,0,0,0,0,0,0,0,0,0,0,0,0,0,0,0,0,0,0,0,0,0,0,0,0
Dengue,2020,CRI,COSTA RICA,30,397,397,442,416,398,468,425,407,392,349,270,241,189,191,155,145,141,101,99,70,92,113,141,135,137,134,160,179,173,159,165,0,0,0,0,0,0,0,0,0,0,0,0,0,0,0,0,0,0,0,0,0,0,0
Dengue,2020,CRI,COSTA RICA,31,428,428,397,442,416,398,468,425,407,392,349,270,241,189,191,155,145,141,101,99,70,92,113,141,135,137,134,160,179,173,159,165,0,0,0,0,0,0,0,0,0,0,0,0,0,0,0,0,0,0,0,0,0,0
Dengue,2020,CRI,COSTA RICA,32,332,332,428,397,442,416,398,468,425,407,392,349,270,241,189,191,155,145,141,101,99,70,92,113,141,135,137,134,160,179,173,159,165,0,0,0,0,0,0,0,0,0,0,0,0,0,0,0,0,0,0,0,0,0
Dengue,2020,CRI,COSTA RICA,33,254,254,332,428,397,442,416,398,468,425,407,392,349,270,241,189,191,155,145,141,101,99,70,92,113,141,135,137,134,160,179,173,159,165,0,0,0,0,0,0,0,0,0,0,0,0,0,0,0,0,0,0,0,0
Dengue,2020,CRI,COSTA RICA,34,200,200,254,332,428,397,442,416,398,468,425,407,392,349,270,241,189,191,155,145,141,101,99,70,92,113,141,135,137,134,160,179,173,159,165,0,0,0,0,0,0,0,0,0,0,0,0,0,0,0,0,0,0,0
Dengue,2020,CRI,COSTA RICA,35,209,209,200,254,332,428,397,442,416,398,468,425,407,392,349,270,241,189,191,155,145,141,101,99,70,92,113,141,135,137,134,160,179,173,159,165,0,0,0,0,0,0,0,0,0,0,0,0,0,0,0,0,0,0
Dengue,2020,CRI,COSTA RICA,36,175,175,209,200,254,332,428,397,442,416,398,468,425,407,392,349,270,241,189,191,155,145,141,101,99,70,92,113,141,135,137,134,160,179,173,159,165,0,0,0,0,0,0,0,0,0,0,0,0,0,0,0,0,0
Dengue,2020,CRI,COSTA RICA,37,155,155,175,209,200,254,332,428,397,442,416,398,468,425,407,392,349,270,241,189,191,155,145,141,101,99,70,92,113,141,135,137,134,160,179,173,159,165,0,0,0,0,0,0,0,0,0,0,0,0,0,0,0,0
Dengue,2020,CRI,COSTA RICA,38,146,146,155,175,209,200,254,332,428,397,442,416,398,468,425,407,392,349,270,241,189,191,155,145,141,101,99,70,92,113,141,135,137,134,160,179,173,159,165,0,0,0,0,0,0,0,0,0,0,0,0,0,0,0
Dengue,2020,CRI,COSTA RICA,39,119,119,146,155,175,209,200,254,332,428,397,442,416,398,468,425,407,392,349,270,241,189,191,155,145,141,101,99,70,92,113,141,135,137,134,160,179,173,159,165,0,0,0,0,0,0,0,0,0,0,0,0,0,0
Dengue,2020,CRI,COSTA RICA,40,103,103,119,146,155,175,209,200,254,332,428,397,442,416,398,468,425,407,392,349,270,241,189,191,155,145,141,101,99,70,92,113,141,135,137,134,160,179,173,159,165,0,0,0,0,0,0,0,0,0,0,0,0,0
Dengue,2020,CRI,COSTA RICA,41,100,100,103,119,146,155,175,209,200,254,332,428,397,442,416,398,468,425,407,392,349,270,241,189,191,155,145,141,101,99,70,92,113,141,135,137,134,160,179,173,159,165,0,0,0,0,0,0,0,0,0,0,0,0
Dengue,2020,CRI,COSTA RICA,42,109,109,100,103,119,146,155,175,209,200,254,332,428,397,442,416,398,468,425,407,392,349,270,241,189,191,155,145,141,101,99,70,92,113,141,135,137,134,160,179,173,159,165,0,0,0,0,0,0,0,0,0,0,0
Dengue,2020,CRI,COSTA RICA,43,97,97,109,100,103,119,146,155,175,209,200,254,332,428,397,442,416,398,468,425,407,392,349,270,241,189,191,155,145,141,101,99,70,92,113,141,135,137,134,160,179,173,159,165,0,0,0,0,0,0,0,0,0,0
Dengue,2020,CRI,COSTA RICA,44,106,106,97,109,100,103,119,146,155,175,209,200,254,332,428,397,442,416,398,468,425,407,392,349,270,241,189,191,155,145,141,101,99,70,92,113,141,135,137,134,160,179,173,159,165,0,0,0,0,0,0,0,0,0
Dengue,2020,CRI,COSTA RICA,45,99,99,106,97,109,100,103,119,146,155,175,209,200,254,332,428,397,442,416,398,468,425,407,392,349,270,241,189,191,155,145,141,101,99,70,92,113,141,135,137,134,160,179,173,159,165,0,0,0,0,0,0,0,0
Dengue,2020,CRI,COSTA RICA,46,106,106,99,106,97,109,100,103,119,146,155,175,209,200,254,332,428,397,442,416,398,468,425,407,392,349,270,241,189,191,155,145,141,101,99,70,92,113,141,135,137,134,160,179,173,159,165,0,0,0,0,0,0,0
Dengue,2020,CRI,COSTA RICA,47,85,85,106,99,106,97,109,100,103,119,146,155,175,209,200,254,332,428,397,442,416,398,468,425,407,392,349,270,241,189,191,155,145,141,101,99,70,92,113,141,135,137,134,160,179,173,159,165,0,0,0,0,0,0
Dengue,2020,CRI,COSTA RICA,48,59,59,85,106,99,106,97,109,100,103,119,146,155,175,209,200,254,332,428,397,442,416,398,468,425,407,392,349,270,241,189,191,155,145,141,101,99,70,92,113,141,135,137,134,160,179,173,159,165,0,0,0,0,0
Dengue,2020,CRI,COSTA RICA,49,60,60,59,85,106,99,106,97,109,100,103,119,146,155,175,209,200,254,332,428,397,442,416,398,468,425,407,392,349,270,241,189,191,155,145,141,101,99,70,92,113,141,135,137,134,160,179,173,159,165,0,0,0,0
Dengue,2020,CRI,COSTA RICA,50,55,55,60,59,85,106,99,106,97,109,100,103,119,146,155,175,209,200,254,332,428,397,442,416,398,468,425,407,392,349,270,241,189,191,155,145,141,101,99,70,92,113,141,135,137,134,160,179,173,159,165,0,0,0
Dengue,2020,CRI,COSTA RICA,51,42,42,55,60,59,85,106,99,106,97,109,100,103,119,146,155,175,209,200,254,332,428,397,442,416,398,468,425,407,392,349,270,241,189,191,155,145,141,101,99,70,92,113,141,135,137,134,160,179,173,159,165,0,0
Dengue,2020,CRI,COSTA RICA,52,32,32,42,55,60,59,85,106,99,106,97,109,100,103,119,146,155,175,209,200,254,332,428,397,442,416,398,468,425,407,392,349,270,241,189,191,155,145,141,101,99,70,92,113,141,135,137,134,160,179,173,159,165,0
Dengue,2020,CRI,COSTA RICA,53,0,0,32,42,55,60,59,85,106,99,106,97,109,100,103,119,146,155,175,209,200,254,332,428,397,442,416,398,468,425,407,392,349,270,241,189,191,155,145,141,101,99,70,92,113,141,135,137,134,160,179,173,159,165
Dengue,2021,CRI,COSTA RICA,1,50,50,0,32,42,55,60,59,85,106,99,106,97,109,100,103,119,146,155,175,209,200,254,332,428,397,442,416,398,468,425,407,392,349,270,241,189,191,155,145,141,101,99,70,92,113,141,135,137,134,160,179,173,159
Dengue,2021,CRI,COSTA RICA,2,71,71,50,0,32,42,55,60,59,85,106,99,106,97,109,100,103,119,146,155,175,209,200,254,332,428,397,442,416,398,468,425,407,392,349,270,241,189,191,155,145,141,101,99,70,92,113,141,135,137,134,160,179,173
Dengue,2021,CRI,COSTA RICA,3,85,85,71,50,0,32,42,55,60,59,85,106,99,106,97,109,100,103,119,146,155,175,209,200,254,332,428,397,442,416,398,468,425,407,392,349,270,241,189,191,155,145,141,101,99,70,92,113,141,135,137,134,160,179
Dengue,2021,CRI,COSTA RICA,4,76,76,85,71,50,0,32,42,55,60,59,85,106,99,106,97,109,100,103,119,146,155,175,209,200,254,332,428,397,442,416,398,468,425,407,392,349,270,241,189,191,155,145,141,101,99,70,92,113,141,135,137,134,160
Dengue,2021,CRI,COSTA RICA,5,64,64,76,85,71,50,0,32,42,55,60,59,85,106,99,106,97,109,100,103,119,146,155,175,209,200,254,332,428,397,442,416,398,468,425,407,392,349,270,241,189,191,155,145,141,101,99,70,92,113,141,135,137,134
Dengue,2021,CRI,COSTA RICA,6,78,78,64,76,85,71,50,0,32,42,55,60,59,85,106,99,106,97,109,100,103,119,146,155,175,209,200,254,332,428,397,442,416,398,468,425,407,392,349,270,241,189,191,155,145,141,101,99,70,92,113,141,135,137
Dengue,2021,CRI,COSTA RICA,7,81,81,78,64,76,85,71,50,0,32,42,55,60,59,85,106,99,106,97,109,100,103,119,146,155,175,209,200,254,332,428,397,442,416,398,468,425,407,392,349,270,241,189,191,155,145,141,101,99,70,92,113,141,135
Dengue,2021,CRI,COSTA RICA,8,64,64,81,78,64,76,85,71,50,0,32,42,55,60,59,85,106,99,106,97,109,100,103,119,146,155,175,209,200,254,332,428,397,442,416,398,468,425,407,392,349,270,241,189,191,155,145,141,101,99,70,92,113,141
Dengue,2021,CRI,COSTA RICA,9,80,80,64,81,78,64,76,85,71,50,0,32,42,55,60,59,85,106,99,106,97,109,100,103,119,146,155,175,209,200,254,332,428,397,442,416,398,468,425,407,392,349,270,241,189,191,155,145,141,101,99,70,92,113
Dengue,2021,CRI,COSTA RICA,10,67,67,80,64,81,78,64,76,85,71,50,0,32,42,55,60,59,85,106,99,106,97,109,100,103,119,146,155,175,209,200,254,332,428,397,442,416,398,468,425,407,392,349,270,241,189,191,155,145,141,101,99,70,92
Dengue,2021,CRI,COSTA RICA,11,76,76,67,80,64,81,78,64,76,85,71,50,0,32,42,55,60,59,85,106,99,106,97,109,100,103,119,146,155,175,209,200,254,332,428,397,442,416,398,468,425,407,392,349,270,241,189,191,155,145,141,101,99,70
Dengue,2021,CRI,COSTA RICA,12,46,46,76,67,80,64,81,78,64,76,85,71,50,0,32,42,55,60,59,85,106,99,106,97,109,100,103,119,146,155,175,209,200,254,332,428,397,442,416,398,468,425,407,392,349,270,241,189,191,155,145,141,101,99
Dengue,2021,CRI,COSTA RICA,13,51,51,46,76,67,80,64,81,78,64,76,85,71,50,0,32,42,55,60,59,85,106,99,106,97,109,100,103,119,146,155,175,209,200,254,332,428,397,442,416,398,468,425,407,392,349,270,241,189,191,155,145,141,101
Dengue,2021,CRI,COSTA RICA,14,44,44,51,46,76,67,80,64,81,78,64,76,85,71,50,0,32,42,55,60,59,85,106,99,106,97,109,100,103,119,146,155,175,209,200,254,332,428,397,442,416,398,468,425,407,392,349,270,241,189,191,155,145,141
Dengue,2021,CRI,COSTA RICA,15,44,44,44,51,46,76,67,80,64,81,78,64,76,85,71,50,0,32,42,55,60,59,85,106,99,106,97,109,100,103,119,146,155,175,209,200,254,332,428,397,442,416,398,468,425,407,392,349,270,241,189,191,155,145
Dengue,2021,CRI,COSTA RICA,16,46,46,44,44,51,46,76,67,80,64,81,78,64,76,85,71,50,0,32,42,55,60,59,85,106,99,106,97,109,100,103,119,146,155,175,209,200,254,332,428,397,442,416,398,468,425,407,392,349,270,241,189,191,155
Dengue,2021,CRI,COSTA RICA,17,45,45,46,44,44,51,46,76,67,80,64,81,78,64,76,85,71,50,0,32,42,55,60,59,85,106,99,106,97,109,100,103,119,146,155,175,209,200,254,332,428,397,442,416,398,468,425,407,392,349,270,241,189,191
Dengue,2021,CRI,COSTA RICA,18,47,47,45,46,44,44,51,46,76,67,80,64,81,78,64,76,85,71,50,0,32,42,55,60,59,85,106,99,106,97,109,100,103,119,146,155,175,209,200,254,332,428,397,442,416,398,468,425,407,392,349,270,241,189
Dengue,2021,CRI,COSTA RICA,19,52,52,47,45,46,44,44,51,46,76,67,80,64,81,78,64,76,85,71,50,0,32,42,55,60,59,85,106,99,106,97,109,100,103,119,146,155,175,209,200,254,332,428,397,442,416,398,468,425,407,392,349,270,241
Dengue,2021,CRI,COSTA RICA,20,48,48,52,47,45,46,44,44,51,46,76,67,80,64,81,78,64,76,85,71,50,0,32,42,55,60,59,85,106,99,106,97,109,100,103,119,146,155,175,209,200,254,332,428,397,442,416,398,468,425,407,392,349,270
Dengue,2021,CRI,COSTA RICA,21,54,54,48,52,47,45,46,44,44,51,46,76,67,80,64,81,78,64,76,85,71,50,0,32,42,55,60,59,85,106,99,106,97,109,100,103,119,146,155,175,209,200,254,332,428,397,442,416,398,468,425,407,392,349
Dengue,2021,CRI,COSTA RICA,22,48,48,54,48,52,47,45,46,44,44,51,46,76,67,80,64,81,78,64,76,85,71,50,0,32,42,55,60,59,85,106,99,106,97,109,100,103,119,146,155,175,209,200,254,332,428,397,442,416,398,468,425,407,392
Dengue,2021,CRI,COSTA RICA,23,83,83,48,54,48,52,47,45,46,44,44,51,46,76,67,80,64,81,78,64,76,85,71,50,0,32,42,55,60,59,85,106,99,106,97,109,100,103,119,146,155,175,209,200,254,332,428,397,442,416,398,468,425,407
Dengue,2021,CRI,COSTA RICA,24,98,98,83,48,54,48,52,47,45,46,44,44,51,46,76,67,80,64,81,78,64,76,85,71,50,0,32,42,55,60,59,85,106,99,106,97,109,100,103,119,146,155,175,209,200,254,332,428,397,442,416,398,468,425
Dengue,2021,CRI,COSTA RICA,25,102,102,98,83,48,54,48,52,47,45,46,44,44,51,46,76,67,80,64,81,78,64,76,85,71,50,0,32,42,55,60,59,85,106,99,106,97,109,100,103,119,146,155,175,209,200,254,332,428,397,442,416,398,468
Dengue,2021,CRI,COSTA RICA,26,132,132,102,98,83,48,54,48,52,47,45,46,44,44,51,46,76,67,80,64,81,78,64,76,85,71,50,0,32,42,55,60,59,85,106,99,106,97,109,100,103,119,146,155,175,209,200,254,332,428,397,442,416,398
Dengue,2021,CRI,COSTA RICA,27,137,137,132,102,98,83,48,54,48,52,47,45,46,44,44,51,46,76,67,80,64,81,78,64,76,85,71,50,0,32,42,55,60,59,85,106,99,106,97,109,100,103,119,146,155,175,209,200,254,332,428,397,442,416
Dengue,2021,CRI,COSTA RICA,28,110,110,137,132,102,98,83,48,54,48,52,47,45,46,44,44,51,46,76,67,80,64,81,78,64,76,85,71,50,0,32,42,55,60,59,85,106,99,106,97,109,100,103,119,146,155,175,209,200,254,332,428,397,442
Dengue,2021,CRI,COSTA RICA,29,107,107,110,137,132,102,98,83,48,54,48,52,47,45,46,44,44,51,46,76,67,80,64,81,78,64,76,85,71,50,0,32,42,55,60,59,85,106,99,106,97,109,100,103,119,146,155,175,209,200,254,332,428,397
Dengue,2021,CRI,COSTA RICA,30,164,164,107,110,137,132,102,98,83,48,54,48,52,47,45,46,44,44,51,46,76,67,80,64,81,78,64,76,85,71,50,0,32,42,55,60,59,85,106,99,106,97,109,100,103,119,146,155,175,209,200,254,332,428
Dengue,2021,CRI,COSTA RICA,31,131,131,164,107,110,137,132,102,98,83,48,54,48,52,47,45,46,44,44,51,46,76,67,80,64,81,78,64,76,85,71,50,0,32,42,55,60,59,85,106,99,106,97,109,100,103,119,146,155,175,209,200,254,332
Dengue,2021,CRI,COSTA RICA,32,107,107,131,164,107,110,137,132,102,98,83,48,54,48,52,47,45,46,44,44,51,46,76,67,80,64,81,78,64,76,85,71,50,0,32,42,55,60,59,85,106,99,106,97,109,100,103,119,146,155,175,209,200,254
Dengue,2021,CRI,COSTA RICA,33,139,139,107,131,164,107,110,137,132,102,98,83,48,54,48,52,47,45,46,44,44,51,46,76,67,80,64,81,78,64,76,85,71,50,0,32,42,55,60,59,85,106,99,106,97,109,100,103,119,146,155,175,209,200
Dengue,2021,CRI,COSTA RICA,34,139,139,139,107,131,164,107,110,137,132,102,98,83,48,54,48,52,47,45,46,44,44,51,46,76,67,80,64,81,78,64,76,85,71,50,0,32,42,55,60,59,85,106,99,106,97,109,100,103,119,146,155,175,209
Dengue,2021,CRI,COSTA RICA,35,131,131,139,139,107,131,164,107,110,137,132,102,98,83,48,54,48,52,47,45,46,44,44,51,46,76,67,80,64,81,78,64,76,85,71,50,0,32,42,55,60,59,85,106,99,106,97,109,100,103,119,146,155,175
Dengue,2021,CRI,COSTA RICA,36,169,169,131,139,139,107,131,164,107,110,137,132,102,98,83,48,54,48,52,47,45,46,44,44,51,46,76,67,80,64,81,78,64,76,85,71,50,0,32,42,55,60,59,85,106,99,106,97,109,100,103,119,146,155
Dengue,2021,CRI,COSTA RICA,37,188,188,169,131,139,139,107,131,164,107,110,137,132,102,98,83,48,54,48,52,47,45,46,44,44,51,46,76,67,80,64,81,78,64,76,85,71,50,0,32,42,55,60,59,85,106,99,106,97,109,100,103,119,146
Dengue,2021,CRI,COSTA RICA,38,218,218,188,169,131,139,139,107,131,164,107,110,137,132,102,98,83,48,54,48,52,47,45,46,44,44,51,46,76,67,80,64,81,78,64,76,85,71,50,0,32,42,55,60,59,85,106,99,106,97,109,100,103,119
Dengue,2021,CRI,COSTA RICA,39,197,197,218,188,169,131,139,139,107,131,164,107,110,137,132,102,98,83,48,54,48,52,47,45,46,44,44,51,46,76,67,80,64,81,78,64,76,85,71,50,0,32,42,55,60,59,85,106,99,106,97,109,100,103
Dengue,2021,CRI,COSTA RICA,40,147,147,197,218,188,169,131,139,139,107,131,164,107,110,137,132,102,98,83,48,54,48,52,47,45,46,44,44,51,46,76,67,80,64,81,78,64,76,85,71,50,0,32,42,55,60,59,85,106,99,106,97,109,100
Dengue,2021,CRI,COSTA RICA,41,191,191,147,197,218,188,169,131,139,139,107,131,164,107,110,137,132,102,98,83,48,54,48,52,47,45,46,44,44,51,46,76,67,80,64,81,78,64,76,85,71,50,0,32,42,55,60,59,85,106,99,106,97,109
Dengue,2021,CRI,COSTA RICA,42,139,139,191,147,197,218,188,169,131,139,139,107,131,164,107,110,137,132,102,98,83,48,54,48,52,47,45,46,44,44,51,46,76,67,80,64,81,78,64,76,85,71,50,0,32,42,55,60,59,85,106,99,106,97
Dengue,2021,CRI,COSTA RICA,43,156,156,139,191,147,197,218,188,169,131,139,139,107,131,164,107,110,137,132,102,98,83,48,54,48,52,47,45,46,44,44,51,46,76,67,80,64,81,78,64,76,85,71,50,0,32,42,55,60,59,85,106,99,106
Dengue,2021,CRI,COSTA RICA,44,157,157,156,139,191,147,197,218,188,169,131,139,139,107,131,164,107,110,137,132,102,98,83,48,54,48,52,47,45,46,44,44,51,46,76,67,80,64,81,78,64,76,85,71,50,0,32,42,55,60,59,85,106,99
Dengue,2021,CRI,COSTA RICA,45,115,115,157,156,139,191,147,197,218,188,169,131,139,139,107,131,164,107,110,137,132,102,98,83,48,54,48,52,47,45,46,44,44,51,46,76,67,80,64,81,78,64,76,85,71,50,0,32,42,55,60,59,85,106
Dengue,2021,CRI,COSTA RICA,46,87,87,115,157,156,139,191,147,197,218,188,169,131,139,139,107,131,164,107,110,137,132,102,98,83,48,54,48,52,47,45,46,44,44,51,46,76,67,80,64,81,78,64,76,85,71,50,0,32,42,55,60,59,85
Dengue,2021,CRI,COSTA RICA,47,118,118,87,115,157,156,139,191,147,197,218,188,169,131,139,139,107,131,164,107,110,137,132,102,98,83,48,54,48,52,47,45,46,44,44,51,46,76,67,80,64,81,78,64,76,85,71,50,0,32,42,55,60,59
Dengue,2021,CRI,COSTA RICA,48,98,98,118,87,115,157,156,139,191,147,197,218,188,169,131,139,139,107,131,164,107,110,137,132,102,98,83,48,54,48,52,47,45,46,44,44,51,46,76,67,80,64,81,78,64,76,85,71,50,0,32,42,55,60
Dengue,2021,CRI,COSTA RICA,49,88,88,98,118,87,115,157,156,139,191,147,197,218,188,169,131,139,139,107,131,164,107,110,137,132,102,98,83,48,54,48,52,47,45,46,44,44,51,46,76,67,80,64,81,78,64,76,85,71,50,0,32,42,55
Dengue,2021,CRI,COSTA RICA,50,77,77,88,98,118,87,115,157,156,139,191,147,197,218,188,169,131,139,139,107,131,164,107,110,137,132,102,98,83,48,54,48,52,47,45,46,44,44,51,46,76,67,80,64,81,78,64,76,85,71,50,0,32,42
Dengue,2021,CRI,COSTA RICA,51,45,45,77,88,98,118,87,115,157,156,139,191,147,197,218,188,169,131,139,139,107,131,164,107,110,137,132,102,98,83,48,54,48,52,47,45,46,44,44,51,46,76,67,80,64,81,78,64,76,85,71,50,0,32
Dengue,2021,CRI,COSTA RICA,52,0,0,45,77,88,98,118,87,115,157,156,139,191,147,197,218,188,169,131,139,139,107,131,164,107,110,137,132,102,98,83,48,54,48,52,47,45,46,44,44,51,46,76,67,80,64,81,78,64,76,85,71,50,0
Dengue,2022,CRI,COSTA RICA,1,57,57,0,45,77,88,98,118,87,115,157,156,139,191,147,197,218,188,169,131,139,139,107,131,164,107,110,137,132,102,98,83,48,54,48,52,47,45,46,44,44,51,46,76,67,80,64,81,78,64,76,85,71,50
Dengue,2022,CRI,COSTA RICA,2,37,37,57,0,45,77,88,98,118,87,115,157,156,139,191,147,197,218,188,169,131,139,139,107,131,164,107,110,137,132,102,98,83,48,54,48,52,47,45,46,44,44,51,46,76,67,80,64,81,78,64,76,85,71
Dengue,2022,CRI,COSTA RICA,3,30,30,37,57,0,45,77,88,98,118,87,115,157,156,139,191,147,197,218,188,169,131,139,139,107,131,164,107,110,137,132,102,98,83,48,54,48,52,47,45,46,44,44,51,46,76,67,80,64,81,78,64,76,85
Dengue,2022,CRI,COSTA RICA,4,37,37,30,37,57,0,45,77,88,98,118,87,115,157,156,139,191,147,197,218,188,169,131,139,139,107,131,164,107,110,137,132,102,98,83,48,54,48,52,47,45,46,44,44,51,46,76,67,80,64,81,78,64,76
Dengue,2022,CRI,COSTA RICA,5,44,44,37,30,37,57,0,45,77,88,98,118,87,115,157,156,139,191,147,197,218,188,169,131,139,139,107,131,164,107,110,137,132,102,98,83,48,54,48,52,47,45,46,44,44,51,46,76,67,80,64,81,78,64
Dengue,2022,CRI,COSTA RICA,6,36,36,44,37,30,37,57,0,45,77,88,98,118,87,115,157,156,139,191,147,197,218,188,169,131,139,139,107,131,164,107,110,137,132,102,98,83,48,54,48,52,47,45,46,44,44,51,46,76,67,80,64,81,78
Dengue,2022,CRI,COSTA RICA,7,35,35,36,44,37,30,37,57,0,45,77,88,98,118,87,115,157,156,139,191,147,197,218,188,169,131,139,139,107,131,164,107,110,137,132,102,98,83,48,54,48,52,47,45,46,44,44,51,46,76,67,80,64,81
Dengue,2022,CRI,COSTA RICA,8,39,39,35,36,44,37,30,37,57,0,45,77,88,98,118,87,115,157,156,139,191,147,197,218,188,169,131,139,139,107,131,164,107,110,137,132,102,98,83,48,54,48,52,47,45,46,44,44,51,46,76,67,80,64
Dengue,2022,CRI,COSTA RICA,9,30,30,39,35,36,44,37,30,37,57,0,45,77,88,98,118,87,115,157,156,139,191,147,197,218,188,169,131,139,139,107,131,164,107,110,137,132,102,98,83,48,54,48,52,47,45,46,44,44,51,46,76,67,80
Dengue,2022,CRI,COSTA RICA,10,45,45,30,39,35,36,44,37,30,37,57,0,45,77,88,98,118,87,115,157,156,139,191,147,197,218,188,169,131,139,139,107,131,164,107,110,137,132,102,98,83,48,54,48,52,47,45,46,44,44,51,46,76,67
Dengue,2022,CRI,COSTA RICA,11,77,77,45,30,39,35,36,44,37,30,37,57,0,45,77,88,98,118,87,115,157,156,139,191,147,197,218,188,169,131,139,139,107,131,164,107,110,137,132,102,98,83,48,54,48,52,47,45,46,44,44,51,46,76
Dengue,2022,CRI,COSTA RICA,12,49,49,77,45,30,39,35,36,44,37,30,37,57,0,45,77,88,98,118,87,115,157,156,139,191,147,197,218,188,169,131,139,139,107,131,164,107,110,137,132,102,98,83,48,54,48,52,47,45,46,44,44,51,46
Dengue,2022,CRI,COSTA RICA,13,56,56,49,77,45,30,39,35,36,44,37,30,37,57,0,45,77,88,98,118,87,115,157,156,139,191,147,197,218,188,169,131,139,139,107,131,164,107,110,137,132,102,98,83,48,54,48,52,47,45,46,44,44,51
Dengue,2022,CRI,COSTA RICA,14,68,68,56,49,77,45,30,39,35,36,44,37,30,37,57,0,45,77,88,98,118,87,115,157,156,139,191,147,197,218,188,169,131,139,139,107,131,164,107,110,137,132,102,98,83,48,54,48,52,47,45,46,44,44
Dengue,2022,CRI,COSTA RICA,15,89,89,68,56,49,77,45,30,39,35,36,44,37,30,37,57,0,45,77,88,98,118,87,115,157,156,139,191,147,197,218,188,169,131,139,139,107,131,164,107,110,137,132,102,98,83,48,54,48,52,47,45,46,44
Dengue,2022,CRI,COSTA RICA,16,84,84,89,68,56,49,77,45,30,39,35,36,44,37,30,37,57,0,45,77,88,98,118,87,115,157,156,139,191,147,197,218,188,169,131,139,139,107,131,164,107,110,137,132,102,98,83,48,54,48,52,47,45,46
Dengue,2022,CRI,COSTA RICA,17,118,118,84,89,68,56,49,77,45,30,39,35,36,44,37,30,37,57,0,45,77,88,98,118,87,115,157,156,139,191,147,197,218,188,169,131,139,139,107,131,164,107,110,137,132,102,98,83,48,54,48,52,47,45
Dengue,2022,CRI,COSTA RICA,18,152,152,118,84,89,68,56,49,77,45,30,39,35,36,44,37,30,37,57,0,45,77,88,98,118,87,115,157,156,139,191,147,197,218,188,169,131,139,139,107,131,164,107,110,137,132,102,98,83,48,54,48,52,47
Dengue,2022,CRI,COSTA RICA,19,165,165,152,118,84,89,68,56,49,77,45,30,39,35,36,44,37,30,37,57,0,45,77,88,98,118,87,115,157,156,139,191,147,197,218,188,169,131,139,139,107,131,164,107,110,137,132,102,98,83,48,54,48,52
Dengue,2022,CRI,COSTA RICA,20,147,147,165,152,118,84,89,68,56,49,77,45,30,39,35,36,44,37,30,37,57,0,45,77,88,98,118,87,115,157,156,139,191,147,197,218,188,169,131,139,139,107,131,164,107,110,137,132,102,98,83,48,54,48
Dengue,2022,CRI,COSTA RICA,21,158,158,147,165,152,118,84,89,68,56,49,77,45,30,39,35,36,44,37,30,37,57,0,45,77,88,98,118,87,115,157,156,139,191,147,197,218,188,169,131,139,139,107,131,164,107,110,137,132,102,98,83,48,54
Dengue,2022,CRI,COSTA RICA,22,215,215,158,147,165,152,118,84,89,68,56,49,77,45,30,39,35,36,44,37,30,37,57,0,45,77,88,98,118,87,115,157,156,139,191,147,197,218,188,169,131,139,139,107,131,164,107,110,137,132,102,98,83,48
Dengue,2022,CRI,COSTA RICA,23,256,256,215,158,147,165,152,118,84,89,68,56,49,77,45,30,39,35,36,44,37,30,37,57,0,45,77,88,98,118,87,115,157,156,139,191,147,197,218,188,169,131,139,139,107,131,164,107,110,137,132,102,98,83
Dengue,2022,CRI,COSTA RICA,24,213,213,256,215,158,147,165,152,118,84,89,68,56,49,77,45,30,39,35,36,44,37,30,37,57,0,45,77,88,98,118,87,115,157,156,139,191,147,197,218,188,169,131,139,139,107,131,164,107,110,137,132,102,98
Dengue,2022,CRI,COSTA RICA,25,195,195,213,256,215,158,147,165,152,118,84,89,68,56,49,77,45,30,39,35,36,44,37,30,37,57,0,45,77,88,98,118,87,115,157,156,139,191,147,197,218,188,169,131,139,139,107,131,164,107,110,137,132,102
Dengue,2022,CRI,COSTA RICA,26,253,253,195,213,256,215,158,147,165,152,118,84,89,68,56,49,77,45,30,39,35,36,44,37,30,37,57,0,45,77,88,98,118,87,115,157,156,139,191,147,197,218,188,169,131,139,139,107,131,164,107,110,137,132
Dengue,2022,CRI,COSTA RICA,27,287,287,253,195,213,256,215,158,147,165,152,118,84,89,68,56,49,77,45,30,39,35,36,44,37,30,37,57,0,45,77,88,98,118,87,115,157,156,139,191,147,197,218,188,169,131,139,139,107,131,164,107,110,137
Dengue,2022,CRI,COSTA RICA,28,270,270,287,253,195,213,256,215,158,147,165,152,118,84,89,68,56,49,77,45,30,39,35,36,44,37,30,37,57,0,45,77,88,98,118,87,115,157,156,139,191,147,197,218,188,169,131,139,139,107,131,164,107,110
Dengue,2022,CRI,COSTA RICA,29,268,268,270,287,253,195,213,256,215,158,147,165,152,118,84,89,68,56,49,77,45,30,39,35,36,44,37,30,37,57,0,45,77,88,98,118,87,115,157,156,139,191,147,197,218,188,169,131,139,139,107,131,164,107
Dengue,2022,CRI,COSTA RICA,30,316,316,268,270,287,253,195,213,256,215,158,147,165,152,118,84,89,68,56,49,77,45,30,39,35,36,44,37,30,37,57,0,45,77,88,98,118,87,115,157,156,139,191,147,197,218,188,169,131,139,139,107,131,164
Dengue,2022,CRI,COSTA RICA,31,270,270,316,268,270,287,253,195,213,256,215,158,147,165,152,118,84,89,68,56,49,77,45,30,39,35,36,44,37,30,37,57,0,45,77,88,98,118,87,115,157,156,139,191,147,197,218,188,169,131,139,139,107,131
Dengue,2022,CRI,COSTA RICA,32,297,297,270,316,268,270,287,253,195,213,256,215,158,147,165,152,118,84,89,68,56,49,77,45,30,39,35,36,44,37,30,37,57,0,45,77,88,98,118,87,115,157,156,139,191,147,197,218,188,169,131,139,139,107
Dengue,2022,CRI,COSTA RICA,33,292,292,297,270,316,268,270,287,253,195,213,256,215,158,147,165,152,118,84,89,68,56,49,77,45,30,39,35,36,44,37,30,37,57,0,45,77,88,98,118,87,115,157,156,139,191,147,197,218,188,169,131,139,139
Dengue,2022,CRI,COSTA RICA,34,260,260,292,297,270,316,268,270,287,253,195,213,256,215,158,147,165,152,118,84,89,68,56,49,77,45,30,39,35,36,44,37,30,37,57,0,45,77,88,98,118,87,115,157,156,139,191,147,197,218,188,169,131,139
Dengue,2022,CRI,COSTA RICA,35,223,223,260,292,297,270,316,268,270,287,253,195,213,256,215,158,147,165,152,118,84,89,68,56,49,77,45,30,39,35,36,44,37,30,37,57,0,45,77,88,98,118,87,115,157,156,139,191,147,197,218,188,169,131
Dengue,2022,CRI,COSTA RICA,36,212,212,223,260,292,297,270,316,268,270,287,253,195,213,256,215,158,147,165,152,118,84,89,68,56,49,77,45,30,39,35,36,44,37,30,37,57,0,45,77,88,98,118,87,115,157,156,139,191,147,197,218,188,169
Dengue,2022,CRI,COSTA RICA,37,163,163,212,223,260,292,297,270,316,268,270,287,253,195,213,256,215,158,147,165,152,118,84,89,68,56,49,77,45,30,39,35,36,44,37,30,37,57,0,45,77,88,98,118,87,115,157,156,139,191,147,197,218,188
Dengue,2022,CRI,COSTA RICA,38,198,198,163,212,223,260,292,297,270,316,268,270,287,253,195,213,256,215,158,147,165,152,118,84,89,68,56,49,77,45,30,39,35,36,44,37,30,37,57,0,45,77,88,98,118,87,115,157,156,139,191,147,197,218
Dengue,2022,CRI,COSTA RICA,39,200,200,198,163,212,223,260,292,297,270,316,268,270,287,253,195,213,256,215,158,147,165,152,118,84,89,68,56,49,77,45,30,39,35,36,44,37,30,37,57,0,45,77,88,98,118,87,115,157,156,139,191,147,197
Dengue,2022,CRI,COSTA RICA,40,175,175,200,198,163,212,223,260,292,297,270,316,268,270,287,253,195,213,256,215,158,147,165,152,118,84,89,68,56,49,77,45,30,39,35,36,44,37,30,37,57,0,45,77,88,98,118,87,115,157,156,139,191,147
Dengue,2022,CRI,COSTA RICA,41,181,181,175,200,198,163,212,223,260,292,297,270,316,268,270,287,253,195,213,256,215,158,147,165,152,118,84,89,68,56,49,77,45,30,39,35,36,44,37,30,37,57,0,45,77,88,98,118,87,115,157,156,139,191
Dengue,2022,CRI,COSTA RICA,42,185,185,181,175,200,198,163,212,223,260,292,297,270,316,268,270,287,253,195,213,256,215,158,147,165,152,118,84,89,68,56,49,77,45,30,39,35,36,44,37,30,37,57,0,45,77,88,98,118,87,115,157,156,139
Dengue,2022,CRI,COSTA RICA,43,139,139,185,181,175,200,198,163,212,223,260,292,297,270,316,268,270,287,253,195,213,256,215,158,147,165,152,118,84,89,68,56,49,77,45,30,39,35,36,44,37,30,37,57,0,45,77,88,98,118,87,115,157,156
Dengue,2022,CRI,COSTA RICA,44,155,155,139,185,181,175,200,198,163,212,223,260,292,297,270,316,268,270,287,253,195,213,256,215,158,147,165,152,118,84,89,68,56,49,77,45,30,39,35,36,44,37,30,37,57,0,45,77,88,98,118,87,115,157
Dengue,2022,CRI,COSTA RICA,45,136,136,155,139,185,181,175,200,198,163,212,223,260,292,297,270,316,268,270,287,253,195,213,256,215,158,147,165,152,118,84,89,68,56,49,77,45,30,39,35,36,44,37,30,37,57,0,45,77,88,98,118,87,115
Dengue,2022,CRI,COSTA RICA,46,106,106,136,155,139,185,181,175,200,198,163,212,223,260,292,297,270,316,268,270,287,253,195,213,256,215,158,147,165,152,118,84,89,68,56,49,77,45,30,39,35,36,44,37,30,37,57,0,45,77,88,98,118,87
Dengue,2022,CRI,COSTA RICA,47,106,106,106,136,155,139,185,181,175,200,198,163,212,223,260,292,297,270,316,268,270,287,253,195,213,256,215,158,147,165,152,118,84,89,68,56,49,77,45,30,39,35,36,44,37,30,37,57,0,45,77,88,98,118
Dengue,2022,CRI,COSTA RICA,48,110,110,106,106,136,155,139,185,181,175,200,198,163,212,223,260,292,297,270,316,268,270,287,253,195,213,256,215,158,147,165,152,118,84,89,68,56,49,77,45,30,39,35,36,44,37,30,37,57,0,45,77,88,98
Dengue,2022,CRI,COSTA RICA,49,74,74,110,106,106,136,155,139,185,181,175,200,198,163,212,223,260,292,297,270,316,268,270,287,253,195,213,256,215,158,147,165,152,118,84,89,68,56,49,77,45,30,39,35,36,44,37,30,37,57,0,45,77,88
Dengue,2022,CRI,COSTA RICA,50,59,59,74,110,106,106,136,155,139,185,181,175,200,198,163,212,223,260,292,297,270,316,268,270,287,253,195,213,256,215,158,147,165,152,118,84,89,68,56,49,77,45,30,39,35,36,44,37,30,37,57,0,45,77
Dengue,2022,CRI,COSTA RICA,51,23,23,59,74,110,106,106,136,155,139,185,181,175,200,198,163,212,223,260,292,297,270,316,268,270,287,253,195,213,256,215,158,147,165,152,118,84,89,68,56,49,77,45,30,39,35,36,44,37,30,37,57,0,45
Dengue,2022,CRI,COSTA RICA,52,95,95,23,59,74,110,106,106,136,155,139,185,181,175,200,198,163,212,223,260,292,297,270,316,268,270,287,253,195,213,256,215,158,147,165,152,118,84,89,68,56,49,77,45,30,39,35,36,44,37,30,37,57,0
Dengue,2023,CRI,COSTA RICA,1,78,78,95,23,59,74,110,106,106,136,155,139,185,181,175,200,198,163,212,223,260,292,297,270,316,268,270,287,253,195,213,256,215,158,147,165,152,118,84,89,68,56,49,77,45,30,39,35,36,44,37,30,37,57
Dengue,2023,CRI,COSTA RICA,2,57,57,78,95,23,59,74,110,106,106,136,155,139,185,181,175,200,198,163,212,223,260,292,297,270,316,268,270,287,253,195,213,256,215,158,147,165,152,118,84,89,68,56,49,77,45,30,39,35,36,44,37,30,37
Dengue,2023,CRI,COSTA RICA,3,53,53,57,78,95,23,59,74,110,106,106,136,155,139,185,181,175,200,198,163,212,223,260,292,297,270,316,268,270,287,253,195,213,256,215,158,147,165,152,118,84,89,68,56,49,77,45,30,39,35,36,44,37,30
Dengue,2023,CRI,COSTA RICA,4,51,51,53,57,78,95,23,59,74,110,106,106,136,155,139,185,181,175,200,198,163,212,223,260,292,297,270,316,268,270,287,253,195,213,256,215,158,147,165,152,118,84,89,68,56,49,77,45,30,39,35,36,44,37
Dengue,2023,CRI,COSTA RICA,5,48,48,51,53,57,78,95,23,59,74,110,106,106,136,155,139,185,181,175,200,198,163,212,223,260,292,297,270,316,268,270,287,253,195,213,256,215,158,147,165,152,118,84,89,68,56,49,77,45,30,39,35,36,44
Dengue,2023,CRI,COSTA RICA,6,44,44,48,51,53,57,78,95,23,59,74,110,106,106,136,155,139,185,181,175,200,198,163,212,223,260,292,297,270,316,268,270,287,253,195,213,256,215,158,147,165,152,118,84,89,68,56,49,77,45,30,39,35,36
Dengue,2023,CRI,COSTA RICA,7,55,55,44,48,51,53,57,78,95,23,59,74,110,106,106,136,155,139,185,181,175,200,198,163,212,223,260,292,297,270,316,268,270,287,253,195,213,256,215,158,147,165,152,118,84,89,68,56,49,77,45,30,39,35
Dengue,2023,CRI,COSTA RICA,8,43,43,55,44,48,51,53,57,78,95,23,59,74,110,106,106,136,155,139,185,181,175,200,198,163,212,223,260,292,297,270,316,268,270,287,253,195,213,256,215,158,147,165,152,118,84,89,68,56,49,77,45,30,39
Dengue,2023,CRI,COSTA RICA,9,43,43,43,55,44,48,51,53,57,78,95,23,59,74,110,106,106,136,155,139,185,181,175,200,198,163,212,223,260,292,297,270,316,268,270,287,253,195,213,256,215,158,147,165,152,118,84,89,68,56,49,77,45,30
Dengue,2023,CRI,COSTA RICA,10,53,53,43,43,55,44,48,51,53,57,78,95,23,59,74,110,106,106,136,155,139,185,181,175,200,198,163,212,223,260,292,297,270,316,268,270,287,253,195,213,256,215,158,147,165,152,118,84,89,68,56,49,77,45
Dengue,2023,CRI,COSTA RICA,11,60,60,53,43,43,55,44,48,51,53,57,78,95,23,59,74,110,106,106,136,155,139,185,181,175,200,198,163,212,223,260,292,297,270,316,268,270,287,253,195,213,256,215,158,147,165,152,118,84,89,68,56,49,77
Dengue,2023,CRI,COSTA RICA,12,56,56,60,53,43,43,55,44,48,51,53,57,78,95,23,59,74,110,106,106,136,155,139,185,181,175,200,198,163,212,223,260,292,297,270,316,268,270,287,253,195,213,256,215,158,147,165,152,118,84,89,68,56,49
Dengue,2023,CRI,COSTA RICA,13,52,52,56,60,53,43,43,55,44,48,51,53,57,78,95,23,59,74,110,106,106,136,155,139,185,181,175,200,198,163,212,223,260,292,297,270,316,268,270,287,253,195,213,256,215,158,147,165,152,118,84,89,68,56
Dengue,2023,CRI,COSTA RICA,14,77,77,52,56,60,53,43,43,55,44,48,51,53,57,78,95,23,59,74,110,106,106,136,155,139,185,181,175,200,198,163,212,223,260,292,297,270,316,268,270,287,253,195,213,256,215,158,147,165,152,118,84,89,68
Dengue,2023,CRI,COSTA RICA,15,78,78,77,52,56,60,53,43,43,55,44,48,51,53,57,78,95,23,59,74,110,106,106,136,155,139,185,181,175,200,198,163,212,223,260,292,297,270,316,268,270,287,253,195,213,256,215,158,147,165,152,118,84,89
Dengue,2023,CRI,COSTA RICA,16,76,76,78,77,52,56,60,53,43,43,55,44,48,51,53,57,78,95,23,59,74,110,106,106,136,155,139,185,181,175,200,198,163,212,223,260,292,297,270,316,268,270,287,253,195,213,256,215,158,147,165,152,118,84
Dengue,2023,CRI,COSTA RICA,17,110,110,76,78,77,52,56,60,53,43,43,55,44,48,51,53,57,78,95,23,59,74,110,106,106,136,155,139,185,181,175,200,198,163,212,223,260,292,297,270,316,268,270,287,253,195,213,256,215,158,147,165,152,118
Dengue,2023,CRI,COSTA RICA,18,142,142,110,76,78,77,52,56,60,53,43,43,55,44,48,51,53,57,78,95,23,59,74,110,106,106,136,155,139,185,181,175,200,198,163,212,223,260,292,297,270,316,268,270,287,253,195,213,256,215,158,147,165,152
Dengue,2023,CRI,COSTA RICA,19,105,105,142,110,76,78,77,52,56,60,53,43,43,55,44,48,51,53,57,78,95,23,59,74,110,106,106,136,155,139,185,181,175,200,198,163,212,223,260,292,297,270,316,268,270,287,253,195,213,256,215,158,147,165
Dengue,2023,CRI,COSTA RICA,20,138,138,105,142,110,76,78,77,52,56,60,53,43,43,55,44,48,51,53,57,78,95,23,59,74,110,106,106,136,155,139,185,181,175,200,198,163,212,223,260,292,297,270,316,268,270,287,253,195,213,256,215,158,147
Dengue,2023,CRI,COSTA RICA,21,146,146,138,105,142,110,76,78,77,52,56,60,53,43,43,55,44,48,51,53,57,78,95,23,59,74,110,106,106,136,155,139,185,181,175,200,198,163,212,223,260,292,297,270,316,268,270,287,253,195,213,256,215,158
Dengue,2023,CRI,COSTA RICA,22,149,149,146,138,105,142,110,76,78,77,52,56,60,53,43,43,55,44,48,51,53,57,78,95,23,59,74,110,106,106,136,155,139,185,181,175,200,198,163,212,223,260,292,297,270,316,268,270,287,253,195,213,256,215
Dengue,2023,CRI,COSTA RICA,23,228,228,149,146,138,105,142,110,76,78,77,52,56,60,53,43,43,55,44,48,51,53,57,78,95,23,59,74,110,106,106,136,155,139,185,181,175,200,198,163,212,223,260,292,297,270,316,268,270,287,253,195,213,256
Dengue,2023,CRI,COSTA RICA,24,237,237,228,149,146,138,105,142,110,76,78,77,52,56,60,53,43,43,55,44,48,51,53,57,78,95,23,59,74,110,106,106,136,155,139,185,181,175,200,198,163,212,223,260,292,297,270,316,268,270,287,253,195,213
Dengue,2023,CRI,COSTA RICA,25,306,306,237,228,149,146,138,105,142,110,76,78,77,52,56,60,53,43,43,55,44,48,51,53,57,78,95,23,59,74,110,106,106,136,155,139,185,181,175,200,198,163,212,223,260,292,297,270,316,268,270,287,253,195
Dengue,2023,CRI,COSTA RICA,26,343,343,306,237,228,149,146,138,105,142,110,76,78,77,52,56,60,53,43,43,55,44,48,51,53,57,78,95,23,59,74,110,106,106,136,155,139,185,181,175,200,198,163,212,223,260,292,297,270,316,268,270,287,253
Dengue,2023,CRI,COSTA RICA,27,436,436,343,306,237,228,149,146,138,105,142,110,76,78,77,52,56,60,53,43,43,55,44,48,51,53,57,78,95,23,59,74,110,106,106,136,155,139,185,181,175,200,198,163,212,223,260,292,297,270,316,268,270,287
Dengue,2023,CRI,COSTA RICA,28,533,533,436,343,306,237,228,149,146,138,105,142,110,76,78,77,52,56,60,53,43,43,55,44,48,51,53,57,78,95,23,59,74,110,106,106,136,155,139,185,181,175,200,198,163,212,223,260,292,297,270,316,268,270
Dengue,2023,CRI,COSTA RICA,29,548,548,533,436,343,306,237,228,149,146,138,105,142,110,76,78,77,52,56,60,53,43,43,55,44,48,51,53,57,78,95,23,59,74,110,106,106,136,155,139,185,181,175,200,198,163,212,223,260,292,297,270,316,268
Dengue,2023,CRI,COSTA RICA,30,787,787,548,533,436,343,306,237,228,149,146,138,105,142,110,76,78,77,52,56,60,53,43,43,55,44,48,51,53,57,78,95,23,59,74,110,106,106,136,155,139,185,181,175,200,198,163,212,223,260,292,297,270,316
Dengue,2023,CRI,COSTA RICA,31,798,798,787,548,533,436,343,306,237,228,149,146,138,105,142,110,76,78,77,52,56,60,53,43,43,55,44,48,51,53,57,78,95,23,59,74,110,106,106,136,155,139,185,181,175,200,198,163,212,223,260,292,297,270
Dengue,2023,CRI,COSTA RICA,32,945,945,798,787,548,533,436,343,306,237,228,149,146,138,105,142,110,76,78,77,52,56,60,53,43,43,55,44,48,51,53,57,78,95,23,59,74,110,106,106,136,155,139,185,181,175,200,198,163,212,223,260,292,297
Dengue,2023,CRI,COSTA RICA,33,999,999,945,798,787,548,533,436,343,306,237,228,149,146,138,105,142,110,76,78,77,52,56,60,53,43,43,55,44,48,51,53,57,78,95,23,59,74,110,106,106,136,155,139,185,181,175,200,198,163,212,223,260,292
Dengue,2023,CRI,COSTA RICA,34,1097,1097,999,945,798,787,548,533,436,343,306,237,228,149,146,138,105,142,110,76,78,77,52,56,60,53,43,43,55,44,48,51,53,57,78,95,23,59,74,110,106,106,136,155,139,185,181,175,200,198,163,212,223,260
Dengue,2023,CRI,COSTA RICA,35,1174,1174,1097,999,945,798,787,548,533,436,343,306,237,228,149,146,138,105,142,110,76,78,77,52,56,60,53,43,43,55,44,48,51,53,57,78,95,23,59,74,110,106,106,136,155,139,185,181,175,200,198,163,212,223
Dengue,2023,CRI,COSTA RICA,36,976,976,1174,1097,999,945,798,787,548,533,436,343,306,237,228,149,146,138,105,142,110,76,78,77,52,56,60,53,43,43,55,44,48,51,53,57,78,95,23,59,74,110,106,106,136,155,139,185,181,175,200,198,163,212
Dengue,2023,CRI,COSTA RICA,37,1171,1171,976,1174,1097,999,945,798,787,548,533,436,343,306,237,228,149,146,138,105,142,110,76,78,77,52,56,60,53,43,43,55,44,48,51,53,57,78,95,23,59,74,110,106,106,136,155,139,185,181,175,200,198,163
Dengue,2023,CRI,COSTA RICA,38,1217,1217,1171,976,1174,1097,999,945,798,787,548,533,436,343,306,237,228,149,146,138,105,142,110,76,78,77,52,56,60,53,43,43,55,44,48,51,53,57,78,95,23,59,74,110,106,106,136,155,139,185,181,175,200,198
Dengue,2023,CRI,COSTA RICA,39,1539,1539,1217,1171,976,1174,1097,999,945,798,787,548,533,436,343,306,237,228,149,146,138,105,142,110,76,78,77,52,56,60,53,43,43,55,44,48,51,53,57,78,95,23,59,74,110,106,106,136,155,139,185,181,175,200
Dengue,2023,CRI,COSTA RICA,40,1486,1486,1539,1217,1171,976,1174,1097,999,945,798,787,548,533,436,343,306,237,228,149,146,138,105,142,110,76,78,77,52,56,60,53,43,43,55,44,48,51,53,57,78,95,23,59,74,110,106,106,136,155,139,185,181,175
Dengue,2023,CRI,COSTA RICA,41,1526,1526,1486,1539,1217,1171,976,1174,1097,999,945,798,787,548,533,436,343,306,237,228,149,146,138,105,142,110,76,78,77,52,56,60,53,43,43,55,44,48,51,53,57,78,95,23,59,74,110,106,106,136,155,139,185,181
Dengue,2023,CRI,COSTA RICA,42,1402,1402,1526,1486,1539,1217,1171,976,1174,1097,999,945,798,787,548,533,436,343,306,237,228,149,146,138,105,142,110,76,78,77,52,56,60,53,43,43,55,44,48,51,53,57,78,95,23,59,74,110,106,106,136,155,139,185
Dengue,2023,CRI,COSTA RICA,43,1471,1471,1402,1526,1486,1539,1217,1171,976,1174,1097,999,945,798,787,548,533,436,343,306,237,228,149,146,138,105,142,110,76,78,77,52,56,60,53,43,43,55,44,48,51,53,57,78,95,23,59,74,110,106,106,136,155,139
Dengue,2023,CRI,COSTA RICA,44,1647,1647,1471,1402,1526,1486,1539,1217,1171,976,1174,1097,999,945,798,787,548,533,436,343,306,237,228,149,146,138,105,142,110,76,78,77,52,56,60,53,43,43,55,44,48,51,53,57,78,95,23,59,74,110,106,106,136,155
Dengue,2023,CRI,COSTA RICA,45,1749,1749,1647,1471,1402,1526,1486,1539,1217,1171,976,1174,1097,999,945,798,787,548,533,436,343,306,237,228,149,146,138,105,142,110,76,78,77,52,56,60,53,43,43,55,44,48,51,53,57,78,95,23,59,74,110,106,106,136
Dengue,2023,CRI,COSTA RICA,46,1520,1520,1749,1647,1471,1402,1526,1486,1539,1217,1171,976,1174,1097,999,945,798,787,548,533,436,343,306,237,228,149,146,138,105,142,110,76,78,77,52,56,60,53,43,43,55,44,48,51,53,57,78,95,23,59,74,110,106,106
Dengue,2023,CRI,COSTA RICA,47,1473,1473,1520,1749,1647,1471,1402,1526,1486,1539,1217,1171,976,1174,1097,999,945,798,787,548,533,436,343,306,237,228,149,146,138,105,142,110,76,78,77,52,56,60,53,43,43,55,44,48,51,53,57,78,95,23,59,74,110,106
Dengue,2023,CRI,COSTA RICA,48,1388,1388,1473,1520,1749,1647,1471,1402,1526,1486,1539,1217,1171,976,1174,1097,999,945,798,787,548,533,436,343,306,237,228,149,146,138,105,142,110,76,78,77,52,56,60,53,43,43,55,44,48,51,53,57,78,95,23,59,74,110
Dengue,2023,CRI,COSTA RICA,49,1057,1057,1388,1473,1520,1749,1647,1471,1402,1526,1486,1539,1217,1171,976,1174,1097,999,945,798,787,548,533,436,343,306,237,228,149,146,138,105,142,110,76,78,77,52,56,60,53,43,43,55,44,48,51,53,57,78,95,23,59,74
Dengue,2023,CRI,COSTA RICA,50,541,541,1057,1388,1473,1520,1749,1647,1471,1402,1526,1486,1539,1217,1171,976,1174,1097,999,945,798,787,548,533,436,343,306,237,228,149,146,138,105,142,110,76,78,77,52,56,60,53,43,43,55,44,48,51,53,57,78,95,23,59
Dengue,2023,CRI,COSTA RICA,51,276,276,541,1057,1388,1473,1520,1749,1647,1471,1402,1526,1486,1539,1217,1171,976,1174,1097,999,945,798,787,548,533,436,343,306,237,228,149,146,138,105,142,110,76,78,77,52,56,60,53,43,43,55,44,48,51,53,57,78,95,23
Dengue,2023,CRI,COSTA RICA,52,981,981,276,541,1057,1388,1473,1520,1749,1647,1471,1402,1526,1486,1539,1217,1171,976,1174,1097,999,945,798,787,548,533,436,343,306,237,228,149,146,138,105,142,110,76,78,77,52,56,60,53,43,43,55,44,48,51,53,57,78,95
Dengue,2024,CRI,COSTA RICA,1,736,736,981,276,541,1057,1388,1473,1520,1749,1647,1471,1402,1526,1486,1539,1217,1171,976,1174,1097,999,945,798,787,548,533,436,343,306,237,228,149,146,138,105,142,110,76,78,77,52,56,60,53,43,43,55,44,48,51,53,57,78
Dengue,2024,CRI,COSTA RICA,2,641,641,736,981,276,541,1057,1388,1473,1520,1749,1647,1471,1402,1526,1486,1539,1217,1171,976,1174,1097,999,945,798,787,548,533,436,343,306,237,228,149,146,138,105,142,110,76,78,77,52,56,60,53,43,43,55,44,48,51,53,57
Dengue,2024,CRI,COSTA RICA,3,631,631,641,736,981,276,541,1057,1388,1473,1520,1749,1647,1471,1402,1526,1486,1539,1217,1171,976,1174,1097,999,945,798,787,548,533,436,343,306,237,228,149,146,138,105,142,110,76,78,77,52,56,60,53,43,43,55,44,48,51,53
Dengue,2024,CRI,COSTA RICA,4,568,568,631,641,736,981,276,541,1057,1388,1473,1520,1749,1647,1471,1402,1526,1486,1539,1217,1171,976,1174,1097,999,945,798,787,548,533,436,343,306,237,228,149,146,138,105,142,110,76,78,77,52,56,60,53,43,43,55,44,48,51
Dengue,2024,CRI,COSTA RICA,5,472,472,568,631,641,736,981,276,541,1057,1388,1473,1520,1749,1647,1471,1402,1526,1486,1539,1217,1171,976,1174,1097,999,945,798,787,548,533,436,343,306,237,228,149,146,138,105,142,110,76,78,77,52,56,60,53,43,43,55,44,48
Dengue,2024,CRI,COSTA RICA,6,421,421,472,568,631,641,736,981,276,541,1057,1388,1473,1520,1749,1647,1471,1402,1526,1486,1539,1217,1171,976,1174,1097,999,945,798,787,548,533,436,343,306,237,228,149,146,138,105,142,110,76,78,77,52,56,60,53,43,43,55,44
Dengue,2024,CRI,COSTA RICA,7,401,401,421,472,568,631,641,736,981,276,541,1057,1388,1473,1520,1749,1647,1471,1402,1526,1486,1539,1217,1171,976,1174,1097,999,945,798,787,548,533,436,343,306,237,228,149,146,138,105,142,110,76,78,77,52,56,60,53,43,43,55
Dengue,2024,CRI,COSTA RICA,8,340,340,401,421,472,568,631,641,736,981,276,541,1057,1388,1473,1520,1749,1647,1471,1402,1526,1486,1539,1217,1171,976,1174,1097,999,945,798,787,548,533,436,343,306,237,228,149,146,138,105,142,110,76,78,77,52,56,60,53,43,43
Dengue,2024,CRI,COSTA RICA,9,289,289,340,401,421,472,568,631,641,736,981,276,541,1057,1388,1473,1520,1749,1647,1471,1402,1526,1486,1539,1217,1171,976,1174,1097,999,945,798,787,548,533,436,343,306,237,228,149,146,138,105,142,110,76,78,77,52,56,60,53,43
Dengue,2024,CRI,COSTA RICA,10,256,256,289,340,401,421,472,568,631,641,736,981,276,541,1057,1388,1473,1520,1749,1647,1471,1402,1526,1486,1539,1217,1171,976,1174,1097,999,945,798,787,548,533,436,343,306,237,228,149,146,138,105,142,110,76,78,77,52,56,60,53
Dengue,2024,CRI,COSTA RICA,11,238,238,256,289,340,401,421,472,568,631,641,736,981,276,541,1057,1388,1473,1520,1749,1647,1471,1402,1526,1486,1539,1217,1171,976,1174,1097,999,945,798,787,548,533,436,343,306,237,228,149,146,138,105,142,110,76,78,77,52,56,60
Dengue,2024,CRI,COSTA RICA,12,178,178,238,256,289,340,401,421,472,568,631,641,736,981,276,541,1057,1388,1473,1520,1749,1647,1471,1402,1526,1486,1539,1217,1171,976,1174,1097,999,945,798,787,548,533,436,343,306,237,228,149,146,138,105,142,110,76,78,77,52,56
Dengue,2024,CRI,COSTA RICA,13,247,247,178,238,256,289,340,401,421,472,568,631,641,736,981,276,541,1057,1388,1473,1520,1749,1647,1471,1402,1526,1486,1539,1217,1171,976,1174,1097,999,945,798,787,548,533,436,343,306,237,228,149,146,138,105,142,110,76,78,77,52
Dengue,2024,CRI,COSTA RICA,14,216,216,247,178,238,256,289,340,401,421,472,568,631,641,736,981,276,541,1057,1388,1473,1520,1749,1647,1471,1402,1526,1486,1539,1217,1171,976,1174,1097,999,945,798,787,548,533,436,343,306,237,228,149,146,138,105,142,110,76,78,77
Dengue,2024,CRI,COSTA RICA,15,214,214,216,247,178,238,256,289,340,401,421,472,568,631,641,736,981,276,541,1057,1388,1473,1520,1749,1647,1471,1402,1526,1486,1539,1217,1171,976,1174,1097,999,945,798,787,548,533,436,343,306,237,228,149,146,138,105,142,110,76,78
Dengue,2024,CRI,COSTA RICA,16,216,216,214,216,247,178,238,256,289,340,401,421,472,568,631,641,736,981,276,541,1057,1388,1473,1520,1749,1647,1471,1402,1526,1486,1539,1217,1171,976,1174,1097,999,945,798,787,548,533,436,343,306,237,228,149,146,138,105,142,110,76
Dengue,2024,CRI,COSTA RICA,17,223,223,216,214,216,247,178,238,256,289,340,401,421,472,568,631,641,736,981,276,541,1057,1388,1473,1520,1749,1647,1471,1402,1526,1486,1539,1217,1171,976,1174,1097,999,945,798,787,548,533,436,343,306,237,228,149,146,138,105,142,110
Dengue,2024,CRI,COSTA RICA,18,285,285,223,216,214,216,247,178,238,256,289,340,401,421,472,568,631,641,736,981,276,541,1057,1388,1473,1520,1749,1647,1471,1402,1526,1486,1539,1217,1171,976,1174,1097,999,945,798,787,548,533,436,343,306,237,228,149,146,138,105,142
Dengue,2024,CRI,COSTA RICA,19,280,280,285,223,216,214,216,247,178,238,256,289,340,401,421,472,568,631,641,736,981,276,541,1057,1388,1473,1520,1749,1647,1471,1402,1526,1486,1539,1217,1171,976,1174,1097,999,945,798,787,548,533,436,343,306,237,228,149,146,138,105
Dengue,2024,CRI,COSTA RICA,20,368,368,280,285,223,216,214,216,247,178,238,256,289,340,401,421,472,568,631,641,736,981,276,541,1057,1388,1473,1520,1749,1647,1471,1402,1526,1486,1539,1217,1171,976,1174,1097,999,945,798,787,548,533,436,343,306,237,228,149,146,138
Dengue,2024,CRI,COSTA RICA,21,489,489,368,280,285,223,216,214,216,247,178,238,256,289,340,401,421,472,568,631,641,736,981,276,541,1057,1388,1473,1520,1749,1647,1471,1402,1526,1486,1539,1217,1171,976,1174,1097,999,945,798,787,548,533,436,343,306,237,228,149,146
Dengue,2024,CRI,COSTA RICA,22,636,636,489,368,280,285,223,216,214,216,247,178,238,256,289,340,401,421,472,568,631,641,736,981,276,541,1057,1388,1473,1520,1749,1647,1471,1402,1526,1486,1539,1217,1171,976,1174,1097,999,945,798,787,548,533,436,343,306,237,228,149
Dengue,2024,CRI,COSTA RICA,23,648,648,636,489,368,280,285,223,216,214,216,247,178,238,256,289,340,401,421,472,568,631,641,736,981,276,541,1057,1388,1473,1520,1749,1647,1471,1402,1526,1486,1539,1217,1171,976,1174,1097,999,945,798,787,548,533,436,343,306,237,228
Dengue,2024,CRI,COSTA RICA,24,790,790,648,636,489,368,280,285,223,216,214,216,247,178,238,256,289,340,401,421,472,568,631,641,736,981,276,541,1057,1388,1473,1520,1749,1647,1471,1402,1526,1486,1539,1217,1171,976,1174,1097,999,945,798,787,548,533,436,343,306,237
Dengue,2024,CRI,COSTA RICA,25,739,739,790,648,636,489,368,280,285,223,216,214,216,247,178,238,256,289,340,401,421,472,568,631,641,736,981,276,541,1057,1388,1473,1520,1749,1647,1471,1402,1526,1486,1539,1217,1171,976,1174,1097,999,945,798,787,548,533,436,343,306
Dengue,2024,CRI,COSTA RICA,26,758,758,739,790,648,636,489,368,280,285,223,216,214,216,247,178,238,256,289,340,401,421,472,568,631,641,736,981,276,541,1057,1388,1473,1520,1749,1647,1471,1402,1526,1486,1539,1217,1171,976,1174,1097,999,945,798,787,548,533,436,343
Dengue,2024,CRI,COSTA RICA,27,768,768,758,739,790,648,636,489,368,280,285,223,216,214,216,247,178,238,256,289,340,401,421,472,568,631,641,736,981,276,541,1057,1388,1473,1520,1749,1647,1471,1402,1526,1486,1539,1217,1171,976,1174,1097,999,945,798,787,548,533,436
Dengue,2024,CRI,COSTA RICA,28,1082,1082,768,758,739,790,648,636,489,368,280,285,223,216,214,216,247,178,238,256,289,340,401,421,472,568,631,641,736,981,276,541,1057,1388,1473,1520,1749,1647,1471,1402,1526,1486,1539,1217,1171,976,1174,1097,999,945,798,787,548,533
Dengue,2024,CRI,COSTA RICA,29,1017,1017,1082,768,758,739,790,648,636,489,368,280,285,223,216,214,216,247,178,238,256,289,340,401,421,472,568,631,641,736,981,276,541,1057,1388,1473,1520,1749,1647,1471,1402,1526,1486,1539,1217,1171,976,1174,1097,999,945,798,787,548
Dengue,2024,CRI,COSTA RICA,30,1058,1058,1017,1082,768,758,739,790,648,636,489,368,280,285,223,216,214,216,247,178,238,256,289,340,401,421,472,568,631,641,736,981,276,541,1057,1388,1473,1520,1749,1647,1471,1402,1526,1486,1539,1217,1171,976,1174,1097,999,945,798,787
Dengue,2024,CRI,COSTA RICA,31,1102,1102,1058,1017,1082,768,758,739,790,648,636,489,368,280,285,223,216,214,216,247,178,238,256,289,340,401,421,472,568,631,641,736,981,276,541,1057,1388,1473,1520,1749,1647,1471,1402,1526,1486,1539,1217,1171,976,1174,1097,999,945,798
Dengue,2024,CRI,COSTA RICA,32,1087,1087,1102,1058,1017,1082,768,758,739,790,648,636,489,368,280,285,223,216,214,216,247,178,238,256,289,340,401,421,472,568,631,641,736,981,276,541,1057,1388,1473,1520,1749,1647,1471,1402,1526,1486,1539,1217,1171,976,1174,1097,999,945
Dengue,2024,CRI,COSTA RICA,33,1182,1182,1087,1102,1058,1017,1082,768,758,739,790,648,636,489,368,280,285,223,216,214,216,247,178,238,256,289,340,401,421,472,568,631,641,736,981,276,541,1057,1388,1473,1520,1749,1647,1471,1402,1526,1486,1539,1217,1171,976,1174,1097,999
Dengue,2024,CRI,COSTA RICA,34,1162,1162,1182,1087,1102,1058,1017,1082,768,758,739,790,648,636,489,368,280,285,223,216,214,216,247,178,238,256,289,340,401,421,472,568,631,641,736,981,276,541,1057,1388,1473,1520,1749,1647,1471,1402,1526,1486,1539,1217,1171,976,1174,1097
Dengue,2024,CRI,COSTA RICA,35,1015,1015,1162,1182,1087,1102,1058,1017,1082,768,758,739,790,648,636,489,368,280,285,223,216,214,216,247,178,238,256,289,340,401,421,472,568,631,641,736,981,276,541,1057,1388,1473,1520,1749,1647,1471,1402,1526,1486,1539,1217,1171,976,1174
Dengue,2024,CRI,COSTA RICA,36,1088,1088,1015,1162,1182,1087,1102,1058,1017,1082,768,758,739,790,648,636,489,368,280,285,223,216,214,216,247,178,238,256,289,340,401,421,472,568,631,641,736,981,276,541,1057,1388,1473,1520,1749,1647,1471,1402,1526,1486,1539,1217,1171,976
Dengue,2024,CRI,COSTA RICA,37,1143,1143,1088,1015,1162,1182,1087,1102,1058,1017,1082,768,758,739,790,648,636,489,368,280,285,223,216,214,216,247,178,238,256,289,340,401,421,472,568,631,641,736,981,276,541,1057,1388,1473,1520,1749,1647,1471,1402,1526,1486,1539,1217,1171
Dengue,2024,CRI,COSTA RICA,38,1022,1022,1143,1088,1015,1162,1182,1087,1102,1058,1017,1082,768,758,739,790,648,636,489,368,280,285,223,216,214,216,247,178,238,256,289,340,401,421,472,568,631,641,736,981,276,541,1057,1388,1473,1520,1749,1647,1471,1402,1526,1486,1539,1217
Dengue,2024,CRI,COSTA RICA,39,908,908,1022,1143,1088,1015,1162,1182,1087,1102,1058,1017,1082,768,758,739,790,648,636,489,368,280,285,223,216,214,216,247,178,238,256,289,340,401,421,472,568,631,641,736,981,276,541,1057,1388,1473,1520,1749,1647,1471,1402,1526,1486,1539
Dengue,2024,CRI,COSTA RICA,40,854,854,908,1022,1143,1088,1015,1162,1182,1087,1102,1058,1017,1082,768,758,739,790,648,636,489,368,280,285,223,216,214,216,247,178,238,256,289,340,401,421,472,568,631,641,736,981,276,541,1057,1388,1473,1520,1749,1647,1471,1402,1526,1486
Dengue,2024,CRI,COSTA RICA,41,702,702,854,908,1022,1143,1088,1015,1162,1182,1087,1102,1058,1017,1082,768,758,739,790,648,636,489,368,280,285,223,216,214,216,247,178,238,256,289,340,401,421,472,568,631,641,736,981,276,541,1057,1388,1473,1520,1749,1647,1471,1402,1526
Dengue,2024,CRI,COSTA RICA,42,597,597,702,854,908,1022,1143,1088,1015,1162,1182,1087,1102,1058,1017,1082,768,758,739,790,648,636,489,368,280,285,223,216,214,216,247,178,238,256,289,340,401,421,472,568,631,641,736,981,276,541,1057,1388,1473,1520,1749,1647,1471,1402
Dengue,2024,CRI,COSTA RICA,43,588,588,597,702,854,908,1022,1143,1088,1015,1162,1182,1087,1102,1058,1017,1082,768,758,739,790,648,636,489,368,280,285,223,216,214,216,247,178,238,256,289,340,401,421,472,568,631,641,736,981,276,541,1057,1388,1473,1520,1749,1647,1471
Dengue,2024,CRI,COSTA RICA,44,494,494,588,597,702,854,908,1022,1143,1088,1015,1162,1182,1087,1102,1058,1017,1082,768,758,739,790,648,636,489,368,280,285,223,216,214,216,247,178,238,256,289,340,401,421,472,568,631,641,736,981,276,541,1057,1388,1473,1520,1749,1647
Dengue,2024,CRI,COSTA RICA,45,387,387,494,588,597,702,854,908,1022,1143,1088,1015,1162,1182,1087,1102,1058,1017,1082,768,758,739,790,648,636,489,368,280,285,223,216,214,216,247,178,238,256,289,340,401,421,472,568,631,641,736,981,276,541,1057,1388,1473,1520,1749
Dengue,2024,CRI,COSTA RICA,46,431,431,387,494,588,597,702,854,908,1022,1143,1088,1015,1162,1182,1087,1102,1058,1017,1082,768,758,739,790,648,636,489,368,280,285,223,216,214,216,247,178,238,256,289,340,401,421,472,568,631,641,736,981,276,541,1057,1388,1473,1520
Dengue,2024,CRI,COSTA RICA,47,402,402,431,387,494,588,597,702,854,908,1022,1143,1088,1015,1162,1182,1087,1102,1058,1017,1082,768,758,739,790,648,636,489,368,280,285,223,216,214,216,247,178,238,256,289,340,401,421,472,568,631,641,736,981,276,541,1057,1388,1473
Dengue,2024,CRI,COSTA RICA,48,340,340,402,431,387,494,588,597,702,854,908,1022,1143,1088,1015,1162,1182,1087,1102,1058,1017,1082,768,758,739,790,648,636,489,368,280,285,223,216,214,216,247,178,238,256,289,340,401,421,472,568,631,641,736,981,276,541,1057,1388
Dengue,2024,CRI,COSTA RICA,49,312,312,340,402,431,387,494,588,597,702,854,908,1022,1143,1088,1015,1162,1182,1087,1102,1058,1017,1082,768,758,739,790,648,636,489,368,280,285,223,216,214,216,247,178,238,256,289,340,401,421,472,568,631,641,736,981,276,541,1057
Dengue,2024,CRI,COSTA RICA,50,197,197,312,340,402,431,387,494,588,597,702,854,908,1022,1143,1088,1015,1162,1182,1087,1102,1058,1017,1082,768,758,739,790,648,636,489,368,280,285,223,216,214,216,247,178,238,256,289,340,401,421,472,568,631,641,736,981,276,541
Dengue,2024,CRI,COSTA RICA,51,125,125,197,312,340,402,431,387,494,588,597,702,854,908,1022,1143,1088,1015,1162,1182,1087,1102,1058,1017,1082,768,758,739,790,648,636,489,368,280,285,223,216,214,216,247,178,238,256,289,340,401,421,472,568,631,641,736,981,276
Dengue,2024,CRI,COSTA RICA,52,0,0,125,197,312,340,402,431,387,494,588,597,702,854,908,1022,1143,1088,1015,1162,1182,1087,1102,1058,1017,1082,768,758,739,790,648,636,489,368,280,285,223,216,214,216,247,178,238,256,289,340,401,421,472,568,631,641,736,981
